old,new,isSyntactic,Hamming,Reversed Hamming,Levenshtein,OSA,Jaro,Jaro-Winkler,LCS,Jaccard,NGram,Cosine,Sørensen–Dice
Example 1, Example one,1,1.0,1.0,0.3333333333333333,0.3333333333333333,0.14814814814814825,0.14814814814814825,0.33333333333333337,0.30000000000000004,0.3611111111111111,0.18350341907227408,0.25
